epoch,train_accuracy,val_accuracy,train_loss,val_loss
1,0.9596191726854891,0.9960629921259843,0.09810843426814927,0.0059607428857360615
2,0.9757058437294813,1.0,0.05619660033633442,0.0016312594801276737
3,0.9842416283650689,1.0,0.040423134442122845,0.0006617789329066286
4,0.9904793171372291,1.0,0.028629799466702452,0.0006060939517224775
5,0.9891661195009849,1.0,0.031109695689561907,0.00149818124789106
6,0.9878529218647406,1.0,0.02860471104789655,0.00022016045151753815
7,0.9917925147734734,1.0,0.024022369251573656,0.0002746473507573119
8,0.9875246224556796,1.0,0.03157845553706595,0.00022760230444097927
9,0.9914642153644123,1.0,0.026577251153684374,0.00016075546852938752
10,0.989494418910046,1.0,0.021781038372757223,0.00017397646883745823
